Type,Country,IP/Domain,Count
IP,Brazil,45.185.155.96 (ASN: 269386),1
IP,Brazil,179.191.59.253 (ASN: 262494),2
IP,Brazil,177.66.91.82 (ASN: 52846),1
IP,Brazil,168.205.57.46 (ASN: 52528),1
IP,Brazil,179.191.59.210 (ASN: 262494),1
IP,Brazil,168.181.240.165 (ASN: 265358),1
IP,Brazil,170.245.27.217 (ASN: 61588),1
IP,Brazil,177.66.91.188 (ASN: 52846),1
IP,Brazil,168.205.57.221 (ASN: 52528),1
IP,Brazil,200.107.119.89 (ASN: 270248),1
IP,Brazil,168.181.240.79 (ASN: 265358),1
IP,Brazil,170.245.27.75 (ASN: 61588),1
IP,Brazil,170.245.27.7 (ASN: 61588),1
IP,Brazil,187.85.165.254 (ASN: 28343),1
IP,Brazil,170.245.26.99 (ASN: 61588),1
IP,Brazil,45.185.155.69 (ASN: 269386),1
IP,Brazil,177.66.91.173 (ASN: 52846),1
IP,Brazil,45.185.155.112 (ASN: 269386),1
IP,Brazil,168.181.240.250 (ASN: 265358),1
IP,Brazil,170.245.24.46 (ASN: 61588),1
IP,Brazil,168.205.57.102 (ASN: 52528),1
IP,Brazil,170.245.26.18 (ASN: 61588),1
IP,Brazil,168.181.241.24 (ASN: 265358),1
IP,Brazil,168.181.241.215 (ASN: 265358),1
IP,Brazil,143.255.227.71 (ASN: 28649),1
IP,Brazil,179.191.59.191 (ASN: 262494),1
IP,Brazil,177.66.91.172 (ASN: 52846),1
IP,Brazil,177.66.91.134 (ASN: 52846),1
IP,Brazil,45.183.48.6 (ASN: 269319),1
IP,Brazil,170.245.25.132 (ASN: 61588),1
IP,Brazil,143.255.225.118 (ASN: 28649),1
IP,Brazil,187.85.165.49 (ASN: 28343),1
IP,Brazil,179.191.59.161 (ASN: 262494),2
IP,Brazil,168.181.240.57 (ASN: 265358),1
IP,Brazil,143.255.225.115 (ASN: 28649),1
IP,Brazil,45.183.48.232 (ASN: 269319),1
IP,Brazil,179.191.59.237 (ASN: 262494),1
IP,Brazil,177.66.91.203 (ASN: 52846),1
IP,Brazil,170.245.25.109 (ASN: 61588),1
IP,Brazil,170.245.27.207 (ASN: 61588),1
IP,Brazil,45.185.155.152 (ASN: 269386),1
IP,Brazil,179.191.59.197 (ASN: 262494),1
IP,Brazil,143.255.224.135 (ASN: 28649),1
IP,Brazil,143.255.224.247 (ASN: 28649),2
IP,Brazil,143.255.224.53 (ASN: 28649),1
IP,Brazil,168.181.241.17 (ASN: 265358),1
IP,Brazil,168.205.57.59 (ASN: 52528),1
IP,Brazil,168.205.57.139 (ASN: 52528),1
IP,Brazil,179.191.59.250 (ASN: 262494),1
IP,Brazil,168.181.240.47 (ASN: 265358),1
IP,Brazil,179.191.59.108 (ASN: 262494),1
IP,Brazil,179.191.59.252 (ASN: 262494),1
IP,Brazil,170.245.27.92 (ASN: 61588),1
IP,Brazil,177.66.91.255 (ASN: 52846),1
IP,Brazil,170.245.26.157 (ASN: 61588),1
IP,Brazil,200.107.119.202 (ASN: 270248),1
IP,Brazil,170.245.24.76 (ASN: 61588),1
IP,Brazil,143.255.226.132 (ASN: 28649),1
IP,Brazil,179.191.59.111 (ASN: 262494),1
IP,Brazil,167.250.250.116 (ASN: 265220),1
IP,Brazil,179.191.59.152 (ASN: 262494),1
IP,Brazil,45.185.155.189 (ASN: 269386),1
IP,Brazil,187.85.165.32 (ASN: 28343),1
IP,Brazil,177.66.91.53 (ASN: 52846),1
IP,Brazil,168.181.240.245 (ASN: 265358),1
IP,Brazil,177.66.91.49 (ASN: 52846),1
IP,Brazil,170.245.24.4 (ASN: 61588),1
IP,Brazil,170.245.27.10 (ASN: 61588),1
IP,Brazil,187.85.165.5 (ASN: 28343),1
IP,Brazil,177.66.91.93 (ASN: 52846),1
IP,Brazil,168.181.241.66 (ASN: 265358),1
IP,Brazil,200.107.118.148 (ASN: 270248),1
IP,Brazil,179.191.59.92 (ASN: 262494),1
IP,Brazil,168.181.240.219 (ASN: 265358),1
IP,Brazil,179.191.59.17 (ASN: 262494),1
IP,Brazil,187.85.165.237 (ASN: 28343),1
IP,Brazil,177.73.29.42 (ASN: 52685),1
IP,Brazil,45.185.155.150 (ASN: 269386),1
IP,Brazil,170.245.26.162 (ASN: 61588),1
IP,Brazil,45.185.155.118 (ASN: 269386),1
IP,Brazil,170.245.25.88 (ASN: 61588),1
IP,Brazil,143.255.225.247 (ASN: 28649),1
IP,Brazil,170.245.24.171 (ASN: 61588),1
IP,Brazil,167.250.250.23 (ASN: 265220),1
IP,Brazil,177.66.91.156 (ASN: 52846),1
IP,Brazil,168.181.240.23 (ASN: 265358),1
IP,Brazil,45.185.155.108 (ASN: 269386),1
IP,Brazil,179.191.59.76 (ASN: 262494),1
IP,Brazil,170.245.27.157 (ASN: 61588),1
IP,Brazil,187.85.165.95 (ASN: 28343),1
IP,Brazil,177.66.91.21 (ASN: 52846),1
IP,Brazil,168.181.241.52 (ASN: 265358),1
IP,Brazil,179.191.59.127 (ASN: 262494),1
IP,Brazil,170.245.27.237 (ASN: 61588),1
IP,Brazil,143.255.224.21 (ASN: 28649),1
IP,Brazil,168.181.240.122 (ASN: 265358),1
IP,Brazil,167.250.250.73 (ASN: 265220),1
IP,Brazil,179.191.59.233 (ASN: 262494),1
IP,Brazil,187.85.165.107 (ASN: 28343),1
IP,Brazil,179.191.59.234 (ASN: 262494),1
IP,Brazil,177.66.91.59 (ASN: 52846),1
IP,Brazil,187.85.165.239 (ASN: 28343),1
IP,Brazil,177.66.91.129 (ASN: 52846),1
IP,Brazil,143.255.226.185 (ASN: 28649),1
IP,Brazil,179.191.59.211 (ASN: 262494),1
IP,Brazil,170.245.26.124 (ASN: 61588),1
IP,Brazil,179.191.59.228 (ASN: 262494),1
IP,Brazil,177.66.91.24 (ASN: 52846),1
IP,Brazil,143.255.226.35 (ASN: 28649),1
IP,Brazil,179.191.59.88 (ASN: 262494),1
IP,Brazil,168.205.57.106 (ASN: 52528),1
IP,Brazil,187.85.165.126 (ASN: 28343),1
IP,Brazil,168.181.241.151 (ASN: 265358),1
IP,Brazil,177.66.91.36 (ASN: 52846),2
IP,Brazil,168.181.241.237 (ASN: 265358),1
IP,Brazil,200.107.118.72 (ASN: 270248),1
IP,Brazil,191.241.146.206 (ASN: 262784),1
IP,Brazil,177.73.28.55 (ASN: 52685),1
IP,Brazil,168.205.57.232 (ASN: 52528),1
IP,Brazil,177.66.91.91 (ASN: 52846),1
IP,Brazil,170.245.25.216 (ASN: 61588),1
IP,Brazil,177.66.91.104 (ASN: 52846),1
IP,Brazil,170.245.27.176 (ASN: 61588),1
IP,Brazil,168.181.240.99 (ASN: 265358),1
IP,Brazil,179.191.59.25 (ASN: 262494),1
IP,Brazil,187.85.165.122 (ASN: 28343),1
IP,Brazil,170.245.26.133 (ASN: 61588),1
IP,Brazil,45.185.155.44 (ASN: 269386),1
IP,Brazil,200.107.119.91 (ASN: 270248),1
IP,Brazil,179.191.59.158 (ASN: 262494),2
IP,Brazil,191.241.146.18 (ASN: 262784),1
IP,Brazil,170.245.24.211 (ASN: 61588),1
IP,Brazil,170.245.26.216 (ASN: 61588),1
IP,Brazil,179.191.59.81 (ASN: 262494),1
IP,Brazil,170.245.26.202 (ASN: 61588),1
IP,Brazil,187.85.165.123 (ASN: 28343),1
IP,Brazil,177.66.91.179 (ASN: 52846),1
IP,Brazil,191.241.146.76 (ASN: 262784),2
IP,Brazil,179.191.59.214 (ASN: 262494),1
IP,Brazil,177.66.91.37 (ASN: 52846),1
IP,Brazil,179.191.59.4 (ASN: 262494),1
IP,Brazil,200.107.119.165 (ASN: 270248),1
IP,Brazil,168.181.241.121 (ASN: 265358),1
IP,Brazil,177.66.91.248 (ASN: 52846),1
IP,Brazil,179.191.59.21 (ASN: 262494),1
IP,Brazil,177.66.91.47 (ASN: 52846),1
IP,Brazil,179.191.59.69 (ASN: 262494),1
IP,Brazil,168.181.240.243 (ASN: 265358),1
IP,Brazil,177.66.91.182 (ASN: 52846),1
IP,Brazil,187.85.165.53 (ASN: 28343),1
IP,Brazil,170.245.24.188 (ASN: 61588),1
IP,Brazil,170.245.24.15 (ASN: 61588),1
IP,Brazil,177.66.91.140 (ASN: 52846),1
IP,Brazil,179.191.59.170 (ASN: 262494),1
IP,Brazil,168.181.241.222 (ASN: 265358),1
IP,Brazil,168.181.240.11 (ASN: 265358),1
IP,Brazil,45.185.155.180 (ASN: 269386),1
IP,Brazil,168.181.240.143 (ASN: 265358),1
IP,Brazil,179.191.59.28 (ASN: 262494),1
IP,Brazil,187.85.165.252 (ASN: 28343),1
IP,Brazil,179.191.59.247 (ASN: 262494),1
IP,Brazil,168.181.241.169 (ASN: 265358),1
IP,Brazil,45.185.155.28 (ASN: 269386),1
IP,Brazil,179.191.59.74 (ASN: 262494),1
IP,Brazil,177.66.91.4 (ASN: 52846),1
IP,Brazil,177.66.91.86 (ASN: 52846),1
IP,Brazil,200.107.118.73 (ASN: 270248),1
IP,Brazil,168.181.240.106 (ASN: 265358),1
IP,Brazil,170.245.26.149 (ASN: 61588),1
IP,Brazil,187.85.165.13 (ASN: 28343),1
IP,Brazil,143.255.226.90 (ASN: 28649),1
IP,Brazil,170.245.25.119 (ASN: 61588),1
IP,Brazil,187.85.165.91 (ASN: 28343),1
IP,Brazil,191.241.146.212 (ASN: 262784),1
IP,Brazil,187.85.165.152 (ASN: 28343),1
IP,Brazil,177.66.91.204 (ASN: 52846),1
IP,Brazil,45.183.48.148 (ASN: 269319),1
IP,Brazil,177.66.91.218 (ASN: 52846),1
IP,Brazil,143.255.225.221 (ASN: 28649),1
IP,Brazil,170.245.26.222 (ASN: 61588),1
IP,Brazil,177.66.91.26 (ASN: 52846),1
IP,Brazil,179.191.59.217 (ASN: 262494),1
IP,Brazil,170.245.25.7 (ASN: 61588),1
IP,Brazil,177.73.29.69 (ASN: 52685),1
IP,Brazil,200.107.119.153 (ASN: 270248),1
IP,Brazil,45.183.48.239 (ASN: 269319),1
IP,Brazil,177.66.91.195 (ASN: 52846),1
IP,Brazil,179.191.59.22 (ASN: 262494),1
IP,Brazil,143.255.227.211 (ASN: 28649),1
IP,Brazil,167.250.250.69 (ASN: 265220),1
IP,Brazil,45.185.155.124 (ASN: 269386),1
IP,Brazil,187.85.165.205 (ASN: 28343),1
IP,Brazil,177.66.91.186 (ASN: 52846),1
IP,Brazil,187.85.165.100 (ASN: 28343),2
IP,Brazil,177.66.91.249 (ASN: 52846),1
IP,Brazil,168.181.240.254 (ASN: 265358),1
IP,Brazil,170.245.24.117 (ASN: 61588),1
IP,Brazil,170.245.24.231 (ASN: 61588),1
IP,Brazil,187.85.165.113 (ASN: 28343),1
IP,Brazil,177.66.91.190 (ASN: 52846),1
IP,Brazil,143.255.224.67 (ASN: 28649),1
IP,Colombia,38.156.93.216 (ASN: 272137),1
IP,Colombia,38.156.92.225 (ASN: 272137),1
IP,Colombia,38.156.93.208 (ASN: 272137),1
IP,Colombia,38.156.93.153 (ASN: 272137),1
IP,Colombia,38.156.93.163 (ASN: 272137),1
IP,Colombia,38.156.92.44 (ASN: 272137),1
IP,Colombia,38.156.93.120 (ASN: 272137),1
IP,Colombia,38.156.93.31 (ASN: 272137),1
IP,Colombia,38.156.93.14 (ASN: 272137),1
IP,Colombia,38.156.92.27 (ASN: 272137),1
IP,Argentina,190.57.238.211 (ASN: 20207),1
IP,Argentina,190.57.238.201 (ASN: 20207),1
IP,Argentina,191.98.221.228 (ASN: 263219),1
IP,Argentina,190.57.239.22 (ASN: 20207),1
IP,Argentina,190.57.239.29 (ASN: 20207),1
IP,Argentina,190.57.239.8 (ASN: 20207),1
IP,Argentina,191.98.221.144 (ASN: 263219),1
IP,Argentina,190.57.238.16 (ASN: 20207),2
IP,Argentina,190.57.239.129 (ASN: 20207),1
IP,Argentina,191.98.221.7 (ASN: 263219),1
IP,Argentina,191.98.221.167 (ASN: 263219),1
IP,Argentina,190.57.239.212 (ASN: 20207),1
IP,Argentina,190.57.239.40 (ASN: 20207),1
IP,Argentina,191.98.221.44 (ASN: 263219),1
Domain,,ebay.com,12
Domain,,microsoft.com,171
Domain,,spotify.com,50
